{
    "Current": {
        "Investment": 1275282.5251,
        "CurrentValue": 1238759.43116330
    },
    "Redeemed": {
        "Investment": 452781.7102,
        "CurrentValue": 613664.11615484
    }
}